ProductKey,ProductCode,ProductName,ProductCategory,ProductSubCategory,Color,Size,ProductLine,ModelName,ProductStatus
1,AR-5381,Adjustable Race,NULL,NULL,NA,NULL,NULL,NULL,Current
2,BA-8327,Bearing Ball,NULL,NULL,NA,NULL,NULL,NULL,Current
3,BE-2349,BB Ball Bearing,NULL,NULL,NA,NULL,NULL,NULL,Current
4,BE-2908,Headset Ball Bearings,NULL,NULL,NA,NULL,NULL,NULL,Current
5,BL-2036,Blade,NULL,NULL,NA,NULL,NULL,NULL,Current
6,CA-5965,LL Crankarm,NULL,NULL,Black,NULL,NULL,NULL,Current
7,CA-6738,ML Crankarm,NULL,NULL,Black,NULL,NULL,NULL,Current
8,CA-7457,HL Crankarm,NULL,NULL,Black,NULL,NULL,NULL,Current
9,CB-2903,Chainring Bolts,NULL,NULL,Silver,NULL,NULL,NULL,Current
10,CN-6137,Chainring Nut,NULL,NULL,Silver,NULL,NULL,NULL,Current
11,CR-7833,Chainring,NULL,NULL,Black,NULL,NULL,NULL,Current
12,CR-9981,Crown Race,NULL,NULL,NA,NULL,NULL,NULL,Current
13,CS-2812,Chain Stays,NULL,NULL,NA,NULL,NULL,NULL,Current
14,DC-8732,Decal 1,NULL,NULL,NA,NULL,NULL,NULL,Current
15,DC-9824,Decal 2,NULL,NULL,NA,NULL,NULL,NULL,Current
16,DT-2377,Down Tube,NULL,NULL,NA,NULL,NULL,NULL,Current
17,EC-M092,Mountain End Caps,NULL,NULL,NA,NULL,NULL,NULL,Current
18,EC-R098,Road End Caps,NULL,NULL,NA,NULL,NULL,NULL,Current
19,EC-T209,Touring End Caps,NULL,NULL,NA,NULL,NULL,NULL,Current
20,FE-3760,Fork End,NULL,NULL,NA,NULL,NULL,NULL,Current
21,FH-2981,Freewheel,NULL,NULL,Silver,NULL,NULL,NULL,Current
22,FW-1000,Flat Washer 1,NULL,NULL,NA,NULL,NULL,NULL,Current
23,FW-1200,Flat Washer 6,NULL,NULL,NA,NULL,NULL,NULL,Current
24,FW-1400,Flat Washer 2,NULL,NULL,NA,NULL,NULL,NULL,Current
25,FW-3400,Flat Washer 9,NULL,NULL,NA,NULL,NULL,NULL,Current
26,FW-3800,Flat Washer 4,NULL,NULL,NA,NULL,NULL,NULL,Current
27,FW-5160,Flat Washer 3,NULL,NULL,NA,NULL,NULL,NULL,Current
28,FW-5800,Flat Washer 8,NULL,NULL,NA,NULL,NULL,NULL,Current
29,FW-7160,Flat Washer 5,NULL,NULL,NA,NULL,NULL,NULL,Current
30,FW-9160,Flat Washer 7,NULL,NULL,NA,NULL,NULL,NULL,Current
31,FC-3654,Fork Crown,NULL,NULL,NA,NULL,NULL,NULL,Current
32,FC-3982,Front Derailleur Cage,NULL,NULL,Silver,NULL,NULL,NULL,Current
33,FL-2301,Front Derailleur Linkage,NULL,NULL,Silver,NULL,NULL,NULL,Current
34,GP-0982,Guide Pulley,NULL,NULL,NA,NULL,NULL,NULL,Current
35,GT-0820,LL Grip Tape,NULL,NULL,NA,NULL,NULL,NULL,Current
36,GT-1209,ML Grip Tape,NULL,NULL,NA,NULL,NULL,NULL,Current
37,GT-2908,HL Grip Tape,NULL,NULL,NA,NULL,NULL,NULL,Current
38,HJ-1213,Thin-Jam Hex Nut 9,NULL,NULL,NA,NULL,NULL,NULL,Current
39,HJ-1220,Thin-Jam Hex Nut 10,NULL,NULL,NA,NULL,NULL,NULL,Current
40,HJ-1420,Thin-Jam Hex Nut 1,NULL,NULL,NA,NULL,NULL,NULL,Current
41,HJ-1428,Thin-Jam Hex Nut 2,NULL,NULL,NA,NULL,NULL,NULL,Current
42,HJ-3410,Thin-Jam Hex Nut 15,NULL,NULL,NA,NULL,NULL,NULL,Current
43,HJ-3416,Thin-Jam Hex Nut 16,NULL,NULL,NA,NULL,NULL,NULL,Current
44,HJ-3816,Thin-Jam Hex Nut 5,NULL,NULL,NA,NULL,NULL,NULL,Current
45,HJ-3824,Thin-Jam Hex Nut 6,NULL,NULL,NA,NULL,NULL,NULL,Current
46,HJ-5161,Thin-Jam Hex Nut 3,NULL,NULL,NA,NULL,NULL,NULL,Current
47,HJ-5162,Thin-Jam Hex Nut 4,NULL,NULL,NA,NULL,NULL,NULL,Current
48,HJ-5811,Thin-Jam Hex Nut 13,NULL,NULL,NA,NULL,NULL,NULL,Current
49,HJ-5818,Thin-Jam Hex Nut 14,NULL,NULL,NA,NULL,NULL,NULL,Current
50,HJ-7161,Thin-Jam Hex Nut 7,NULL,NULL,NA,NULL,NULL,NULL,Current
51,HJ-7162,Thin-Jam Hex Nut 8,NULL,NULL,NA,NULL,NULL,NULL,Current
52,HJ-9080,Thin-Jam Hex Nut 12,NULL,NULL,NA,NULL,NULL,NULL,Current
53,HJ-9161,Thin-Jam Hex Nut 11,NULL,NULL,NA,NULL,NULL,NULL,Current
54,HN-1024,Hex Nut 5,NULL,NULL,NA,NULL,NULL,NULL,Current
55,HN-1032,Hex Nut 6,NULL,NULL,NA,NULL,NULL,NULL,Current
56,HN-1213,Hex Nut 16,NULL,NULL,NA,NULL,NULL,NULL,Current
57,HN-1220,Hex Nut 17,NULL,NULL,NA,NULL,NULL,NULL,Current
58,HN-1224,Hex Nut 7,NULL,NULL,NA,NULL,NULL,NULL,Current
59,HN-1420,Hex Nut 8,NULL,NULL,NA,NULL,NULL,NULL,Current
60,HN-1428,Hex Nut 9,NULL,NULL,NA,NULL,NULL,NULL,Current
61,HN-3410,Hex Nut 22,NULL,NULL,NA,NULL,NULL,NULL,Current
62,HN-3416,Hex Nut 23,NULL,NULL,NA,NULL,NULL,NULL,Current
63,HN-3816,Hex Nut 12,NULL,NULL,NA,NULL,NULL,NULL,Current
64,HN-3824,Hex Nut 13,NULL,NULL,NA,NULL,NULL,NULL,Current
65,HN-4402,Hex Nut 1,NULL,NULL,NA,NULL,NULL,NULL,Current
66,HN-5161,Hex Nut 10,NULL,NULL,NA,NULL,NULL,NULL,Current
67,HN-5162,Hex Nut 11,NULL,NULL,NA,NULL,NULL,NULL,Current
68,HN-5400,Hex Nut 2,NULL,NULL,NA,NULL,NULL,NULL,Current
69,HN-5811,Hex Nut 20,NULL,NULL,NA,NULL,NULL,NULL,Current
70,HN-5818,Hex Nut 21,NULL,NULL,NA,NULL,NULL,NULL,Current
71,HN-6320,Hex Nut 3,NULL,NULL,NA,NULL,NULL,NULL,Current
72,HN-7161,Hex Nut 14,NULL,NULL,NA,NULL,NULL,NULL,Current
73,HN-7162,Hex Nut 15,NULL,NULL,NA,NULL,NULL,NULL,Current
74,HN-8320,Hex Nut 4,NULL,NULL,NA,NULL,NULL,NULL,Current
75,HN-9161,Hex Nut 18,NULL,NULL,NA,NULL,NULL,NULL,Current
76,HN-9168,Hex Nut 19,NULL,NULL,NA,NULL,NULL,NULL,Current
77,HT-2981,Handlebar Tube,NULL,NULL,NA,NULL,NULL,NULL,Current
78,HT-8019,Head Tube,NULL,NULL,NA,NULL,NULL,NULL,Current
79,HU-6280,LL Hub,NULL,NULL,NA,NULL,NULL,NULL,Current
80,HU-8998,HL Hub,NULL,NULL,NA,NULL,NULL,NULL,Current
81,KW-4091,Keyed Washer,NULL,NULL,NA,NULL,NULL,NULL,Current
82,LE-1000,External Lock Washer 3,NULL,NULL,NA,NULL,NULL,NULL,Current
83,LE-1200,External Lock Washer 4,NULL,NULL,NA,NULL,NULL,NULL,Current
84,LE-1201,External Lock Washer 9,NULL,NULL,NA,NULL,NULL,NULL,Current
85,LE-1400,External Lock Washer 5,NULL,NULL,NA,NULL,NULL,NULL,Current
86,LE-3800,External Lock Washer 7,NULL,NULL,NA,NULL,NULL,NULL,Current
87,LE-5160,External Lock Washer 6,NULL,NULL,NA,NULL,NULL,NULL,Current
88,LE-6000,External Lock Washer 1,NULL,NULL,NA,NULL,NULL,NULL,Current
89,LE-7160,External Lock Washer 8,NULL,NULL,NA,NULL,NULL,NULL,Current
90,LE-8000,External Lock Washer 2,NULL,NULL,NA,NULL,NULL,NULL,Current
91,LI-1000,Internal Lock Washer 3,NULL,NULL,NA,NULL,NULL,NULL,Current
92,LI-1200,Internal Lock Washer 4,NULL,NULL,NA,NULL,NULL,NULL,Current
93,LI-1201,Internal Lock Washer 9,NULL,NULL,NA,NULL,NULL,NULL,Current
94,LI-1400,Internal Lock Washer 5,NULL,NULL,NA,NULL,NULL,NULL,Current
95,LI-3800,Internal Lock Washer 7,NULL,NULL,NA,NULL,NULL,NULL,Current
96,LI-5160,Internal Lock Washer 6,NULL,NULL,NA,NULL,NULL,NULL,Current
97,LI-5800,Internal Lock Washer 10,NULL,NULL,NA,NULL,NULL,NULL,Current
98,LI-6000,Internal Lock Washer 1,NULL,NULL,NA,NULL,NULL,NULL,Current
99,LI-7160,Internal Lock Washer 8,NULL,NULL,NA,NULL,NULL,NULL,Current
100,LI-8000,Internal Lock Washer 2,NULL,NULL,NA,NULL,NULL,NULL,Current
101,LJ-1213,Thin-Jam Lock Nut 9,NULL,NULL,NA,NULL,NULL,NULL,Current
102,LJ-1220,Thin-Jam Lock Nut 10,NULL,NULL,NA,NULL,NULL,NULL,Current
103,LJ-1420,Thin-Jam Lock Nut 1,NULL,NULL,NA,NULL,NULL,NULL,Current
104,LJ-1428,Thin-Jam Lock Nut 2,NULL,NULL,NA,NULL,NULL,NULL,Current
105,LJ-3410,Thin-Jam Lock Nut 15,NULL,NULL,NA,NULL,NULL,NULL,Current
106,LJ-3416,Thin-Jam Lock Nut 16,NULL,NULL,NA,NULL,NULL,NULL,Current
107,LJ-3816,Thin-Jam Lock Nut 5,NULL,NULL,NA,NULL,NULL,NULL,Current
108,LJ-3824,Thin-Jam Lock Nut 6,NULL,NULL,NA,NULL,NULL,NULL,Current
109,LJ-5161,Thin-Jam Lock Nut 3,NULL,NULL,NA,NULL,NULL,NULL,Current
110,LJ-5162,Thin-Jam Lock Nut 4,NULL,NULL,NA,NULL,NULL,NULL,Current
111,LJ-5811,Thin-Jam Lock Nut 13,NULL,NULL,NA,NULL,NULL,NULL,Current
112,LJ-5818,Thin-Jam Lock Nut 14,NULL,NULL,NA,NULL,NULL,NULL,Current
113,LJ-7161,Thin-Jam Lock Nut 7,NULL,NULL,NA,NULL,NULL,NULL,Current
114,LJ-7162,Thin-Jam Lock Nut 8,NULL,NULL,NA,NULL,NULL,NULL,Current
115,LJ-9080,Thin-Jam Lock Nut 12,NULL,NULL,NA,NULL,NULL,NULL,Current
116,LJ-9161,Thin-Jam Lock Nut 11,NULL,NULL,NA,NULL,NULL,NULL,Current
117,LN-1024,Lock Nut 5,NULL,NULL,NA,NULL,NULL,NULL,Current
118,LN-1032,Lock Nut 6,NULL,NULL,NA,NULL,NULL,NULL,Current
119,LN-1213,Lock Nut 16,NULL,NULL,NA,NULL,NULL,NULL,Current
120,LN-1220,Lock Nut 17,NULL,NULL,NA,NULL,NULL,NULL,Current
121,LN-1224,Lock Nut 7,NULL,NULL,NA,NULL,NULL,NULL,Current
122,LN-1420,Lock Nut 8,NULL,NULL,NA,NULL,NULL,NULL,Current
123,LN-1428,Lock Nut 9,NULL,NULL,NA,NULL,NULL,NULL,Current
124,LN-3410,Lock Nut 22,NULL,NULL,NA,NULL,NULL,NULL,Current
125,LN-3416,Lock Nut 23,NULL,NULL,NA,NULL,NULL,NULL,Current
126,LN-3816,Lock Nut 12,NULL,NULL,NA,NULL,NULL,NULL,Current
127,LN-3824,Lock Nut 13,NULL,NULL,NA,NULL,NULL,NULL,Current
128,LN-4400,Lock Nut 1,NULL,NULL,NA,NULL,NULL,NULL,Current
129,LN-5161,Lock Nut 10,NULL,NULL,NA,NULL,NULL,NULL,Current
130,LN-5162,Lock Nut 11,NULL,NULL,NA,NULL,NULL,NULL,Current
131,LN-5400,Lock Nut 2,NULL,NULL,NA,NULL,NULL,NULL,Current
132,LN-5811,Lock Nut 20,NULL,NULL,NA,NULL,NULL,NULL,Current
133,LN-5818,Lock Nut 21,NULL,NULL,NA,NULL,NULL,NULL,Current
134,LN-6320,Lock Nut 3,NULL,NULL,NA,NULL,NULL,NULL,Current
135,LN-7161,Lock Nut 14,NULL,NULL,NA,NULL,NULL,NULL,Current
136,LN-7162,Lock Nut 15,NULL,NULL,NA,NULL,NULL,NULL,Current
137,LN-8320,Lock Nut 4,NULL,NULL,NA,NULL,NULL,NULL,Current
138,LN-9080,Lock Nut 19,NULL,NULL,NA,NULL,NULL,NULL,Current
139,LN-9161,Lock Nut 18,NULL,NULL,NA,NULL,NULL,NULL,Current
140,LR-2398,Lock Ring,NULL,NULL,Silver,NULL,NULL,NULL,Current
141,LR-8520,Lower Head Race,NULL,NULL,NA,NULL,NULL,NULL,Current
142,LW-1000,Lock Washer 4,NULL,NULL,NA,NULL,NULL,NULL,Current
143,LW-1200,Lock Washer 5,NULL,NULL,NA,NULL,NULL,NULL,Current
144,LW-1201,Lock Washer 10,NULL,NULL,NA,NULL,NULL,NULL,Current
145,LW-1400,Lock Washer 6,NULL,NULL,NA,NULL,NULL,NULL,Current
146,LW-3400,Lock Washer 13,NULL,NULL,NA,NULL,NULL,NULL,Current
147,LW-3800,Lock Washer 8,NULL,NULL,NA,NULL,NULL,NULL,Current
148,LW-4000,Lock Washer 1,NULL,NULL,NA,NULL,NULL,NULL,Current
149,LW-5160,Lock Washer 7,NULL,NULL,NA,NULL,NULL,NULL,Current
150,LW-5800,Lock Washer 12,NULL,NULL,NA,NULL,NULL,NULL,Current
151,LW-6000,Lock Washer 2,NULL,NULL,NA,NULL,NULL,NULL,Current
152,LW-7160,Lock Washer 9,NULL,NULL,NA,NULL,NULL,NULL,Current
153,LW-8000,Lock Washer 3,NULL,NULL,NA,NULL,NULL,NULL,Current
154,LW-9160,Lock Washer 11,NULL,NULL,NA,NULL,NULL,NULL,Current
155,MA-7075,Metal Angle,NULL,NULL,NA,NULL,NULL,NULL,Current
156,MB-2024,Metal Bar 1,NULL,NULL,NA,NULL,NULL,NULL,Current
157,MB-6061,Metal Bar 2,NULL,NULL,NA,NULL,NULL,NULL,Current
158,MP-2066,Metal Plate 2,NULL,NULL,NA,NULL,NULL,NULL,Current
159,MP-2503,Metal Plate 1,NULL,NULL,NA,NULL,NULL,NULL,Current
160,MP-4960,Metal Plate 3,NULL,NULL,NA,NULL,NULL,NULL,Current
161,MS-0253,Metal Sheet 2,NULL,NULL,NA,NULL,NULL,NULL,Current
162,MS-1256,Metal Sheet 3,NULL,NULL,NA,NULL,NULL,NULL,Current
163,MS-1981,Metal Sheet 7,NULL,NULL,NA,NULL,NULL,NULL,Current
164,MS-2259,Metal Sheet 4,NULL,NULL,NA,NULL,NULL,NULL,Current
165,MS-2341,Metal Sheet 5,NULL,NULL,NA,NULL,NULL,NULL,Current
166,MS-2348,Metal Sheet 6,NULL,NULL,NA,NULL,NULL,NULL,Current
167,MS-6061,Metal Sheet 1,NULL,NULL,NA,NULL,NULL,NULL,Current
168,MT-1000,Metal Tread Plate,NULL,NULL,NA,NULL,NULL,NULL,Current
169,NI-4127,LL Nipple,NULL,NULL,NA,NULL,NULL,NULL,Current
170,NI-9522,HL Nipple,NULL,NULL,NA,NULL,NULL,NULL,Current
171,PA-187B,Paint - Black,NULL,NULL,NA,NULL,NULL,NULL,Current
172,PA-361R,Paint - Red,NULL,NULL,NA,NULL,NULL,NULL,Current
173,PA-529S,Paint - Silver,NULL,NULL,NA,NULL,NULL,NULL,Current
174,PA-632U,Paint - Blue,NULL,NULL,NA,NULL,NULL,NULL,Current
175,PA-823Y,Paint - Yellow,NULL,NULL,NA,NULL,NULL,NULL,Current
176,PB-6109,Pinch Bolt,NULL,NULL,NA,NULL,NULL,NULL,Current
177,RA-2345,Cup-Shaped Race,NULL,NULL,NA,NULL,NULL,NULL,Current
178,RA-7490,Cone-Shaped Race,NULL,NULL,NA,NULL,NULL,NULL,Current
179,RF-9198,Reflector,NULL,NULL,NA,NULL,NULL,NULL,Current
180,RM-M464,LL Mountain Rim,NULL,NULL,NA,NULL,NULL,NULL,Current
181,RM-M692,ML Mountain Rim,NULL,NULL,NA,NULL,NULL,NULL,Current
182,RM-M823,HL Mountain Rim,NULL,NULL,NA,NULL,NULL,NULL,Current
183,RM-R436,LL Road Rim,NULL,NULL,NA,NULL,NULL,NULL,Current
184,RM-R600,ML Road Rim,NULL,NULL,NA,NULL,NULL,NULL,Current
185,RM-R800,HL Road Rim,NULL,NULL,NA,NULL,NULL,NULL,Current
186,RM-T801,Touring Rim,NULL,NULL,NA,NULL,NULL,NULL,Current
187,SA-M198,LL Mountain Seat Assembly,NULL,NULL,NA,NULL,NULL,NULL,Current
188,SA-M237,ML Mountain Seat Assembly,NULL,NULL,NA,NULL,NULL,NULL,Current
189,SA-M687,HL Mountain Seat Assembly,NULL,NULL,NA,NULL,NULL,NULL,Current
190,SA-R127,LL Road Seat Assembly,NULL,NULL,NA,NULL,NULL,NULL,Current
191,SA-R430,ML Road Seat Assembly,NULL,NULL,NA,NULL,NULL,NULL,Current
192,SA-R522,HL Road Seat Assembly,NULL,NULL,NA,NULL,NULL,NULL,Current
193,SA-T467,LL Touring Seat Assembly,NULL,NULL,NA,NULL,NULL,NULL,Current
194,SA-T612,ML Touring Seat Assembly,NULL,NULL,NA,NULL,NULL,NULL,Current
195,SA-T872,HL Touring Seat Assembly,NULL,NULL,NA,NULL,NULL,NULL,Current
196,SD-2342,LL Spindle/Axle,NULL,NULL,NA,NULL,NULL,NULL,Current
197,SD-9872,HL Spindle/Axle,NULL,NULL,NA,NULL,NULL,NULL,Current
198,SH-4562,LL Shell,NULL,NULL,NA,NULL,NULL,NULL,Current
199,SH-9312,HL Shell,NULL,NULL,NA,NULL,NULL,NULL,Current
200,SK-9283,Spokes,NULL,NULL,NA,NULL,NULL,NULL,Current
201,SL-0931,Seat Lug,NULL,NULL,NA,NULL,NULL,NULL,Current
202,SM-9087,Stem,NULL,NULL,NA,NULL,NULL,NULL,Current
203,SP-2981,Seat Post,NULL,NULL,NA,NULL,NULL,NULL,Current
204,SR-2098,Steerer,NULL,NULL,NA,NULL,NULL,NULL,Current
205,SS-2985,Seat Stays,NULL,NULL,NA,NULL,NULL,NULL,Current
206,ST-9828,Seat Tube,NULL,NULL,NA,NULL,NULL,NULL,Current
207,TO-2301,Top Tube,NULL,NULL,NA,NULL,NULL,NULL,Current
208,TP-0923,Tension Pulley,NULL,NULL,NA,NULL,NULL,NULL,Current
209,RC-0291,Rear Derailleur Cage,NULL,NULL,Silver,NULL,NULL,NULL,Current
210,FR-R92B-58,"HL Road Frame - Black, 58",Components,Road Frames,Black,58,R ,HL Road Frame,Current
211,FR-R92R-58,"HL Road Frame - Red, 58",Components,Road Frames,Red,58,R ,HL Road Frame,Current
212,HL-U509-R,"Sport-100 Helmet, Red",Accessories,Helmets,Red,NULL,S ,Sport-100,Outdate
213,HL-U509-R,"Sport-100 Helmet, Red",Accessories,Helmets,Red,NULL,S ,Sport-100,Outdate
214,HL-U509-R,"Sport-100 Helmet, Red",Accessories,Helmets,Red,NULL,S ,Sport-100,Current
215,HL-U509,"Sport-100 Helmet, Black",Accessories,Helmets,Black,NULL,S ,Sport-100,Outdate
216,HL-U509,"Sport-100 Helmet, Black",Accessories,Helmets,Black,NULL,S ,Sport-100,Outdate
217,HL-U509,"Sport-100 Helmet, Black",Accessories,Helmets,Black,NULL,S ,Sport-100,Current
218,SO-B909-M,"Mountain Bike Socks, M",Clothing,Socks,White,M,M ,Mountain Bike Socks,Outdate
219,SO-B909-L,"Mountain Bike Socks, L",Clothing,Socks,White,L,M ,Mountain Bike Socks,Outdate
220,HL-U509-B,"Sport-100 Helmet, Blue",Accessories,Helmets,Blue,NULL,S ,Sport-100,Outdate
221,HL-U509-B,"Sport-100 Helmet, Blue",Accessories,Helmets,Blue,NULL,S ,Sport-100,Outdate
222,HL-U509-B,"Sport-100 Helmet, Blue",Accessories,Helmets,Blue,NULL,S ,Sport-100,Current
223,CA-1098,AWC Logo Cap,Clothing,Caps,Multi,NULL,S ,Cycling Cap,Outdate
224,CA-1098,AWC Logo Cap,Clothing,Caps,Multi,NULL,S ,Cycling Cap,Outdate
225,CA-1098,AWC Logo Cap,Clothing,Caps,Multi,NULL,S ,Cycling Cap,Current
226,LJ-0192-S,"Long-Sleeve Logo Jersey, S",Clothing,Jerseys,Multi,S,S ,Long-Sleeve Logo Jersey,Outdate
227,LJ-0192-S,"Long-Sleeve Logo Jersey, S",Clothing,Jerseys,Multi,S,S ,Long-Sleeve Logo Jersey,Outdate
228,LJ-0192-S,"Long-Sleeve Logo Jersey, S",Clothing,Jerseys,Multi,S,S ,Long-Sleeve Logo Jersey,Current
229,LJ-0192-M,"Long-Sleeve Logo Jersey, M",Clothing,Jerseys,Multi,M,S ,Long-Sleeve Logo Jersey,Outdate
230,LJ-0192-M,"Long-Sleeve Logo Jersey, M",Clothing,Jerseys,Multi,M,S ,Long-Sleeve Logo Jersey,Outdate
231,LJ-0192-M,"Long-Sleeve Logo Jersey, M",Clothing,Jerseys,Multi,M,S ,Long-Sleeve Logo Jersey,Current
232,LJ-0192-L,"Long-Sleeve Logo Jersey, L",Clothing,Jerseys,Multi,L,S ,Long-Sleeve Logo Jersey,Outdate
233,LJ-0192-L,"Long-Sleeve Logo Jersey, L",Clothing,Jerseys,Multi,L,S ,Long-Sleeve Logo Jersey,Outdate
234,LJ-0192-L,"Long-Sleeve Logo Jersey, L",Clothing,Jerseys,Multi,L,S ,Long-Sleeve Logo Jersey,Current
235,LJ-0192-X,"Long-Sleeve Logo Jersey, XL",Clothing,Jerseys,Multi,XL,S ,Long-Sleeve Logo Jersey,Outdate
236,LJ-0192-X,"Long-Sleeve Logo Jersey, XL",Clothing,Jerseys,Multi,XL,S ,Long-Sleeve Logo Jersey,Outdate
237,LJ-0192-X,"Long-Sleeve Logo Jersey, XL",Clothing,Jerseys,Multi,XL,S ,Long-Sleeve Logo Jersey,Current
238,FR-R92R-62,"HL Road Frame - Red, 62",Components,Road Frames,Red,62,R ,HL Road Frame,Outdate
239,FR-R92R-62,"HL Road Frame - Red, 62",Components,Road Frames,Red,62,R ,HL Road Frame,Outdate
240,FR-R92R-62,"HL Road Frame - Red, 62",Components,Road Frames,Red,62,R ,HL Road Frame,Current
241,FR-R92R-44,"HL Road Frame - Red, 44",Components,Road Frames,Red,44,R ,HL Road Frame,Outdate
242,FR-R92R-44,"HL Road Frame - Red, 44",Components,Road Frames,Red,44,R ,HL Road Frame,Outdate
243,FR-R92R-44,"HL Road Frame - Red, 44",Components,Road Frames,Red,44,R ,HL Road Frame,Current
244,FR-R92R-48,"HL Road Frame - Red, 48",Components,Road Frames,Red,48,R ,HL Road Frame,Outdate
245,FR-R92R-48,"HL Road Frame - Red, 48",Components,Road Frames,Red,48,R ,HL Road Frame,Outdate
246,FR-R92R-48,"HL Road Frame - Red, 48",Components,Road Frames,Red,48,R ,HL Road Frame,Current
247,FR-R92R-52,"HL Road Frame - Red, 52",Components,Road Frames,Red,52,R ,HL Road Frame,Outdate
248,FR-R92R-52,"HL Road Frame - Red, 52",Components,Road Frames,Red,52,R ,HL Road Frame,Outdate
249,FR-R92R-52,"HL Road Frame - Red, 52",Components,Road Frames,Red,52,R ,HL Road Frame,Current
250,FR-R92R-56,"HL Road Frame - Red, 56",Components,Road Frames,Red,56,R ,HL Road Frame,Outdate
251,FR-R92R-56,"HL Road Frame - Red, 56",Components,Road Frames,Red,56,R ,HL Road Frame,Outdate
252,FR-R92R-56,"HL Road Frame - Red, 56",Components,Road Frames,Red,56,R ,HL Road Frame,Current
253,FR-R38B-58,"LL Road Frame - Black, 58",Components,Road Frames,Black,58,R ,LL Road Frame,Outdate
254,FR-R38B-58,"LL Road Frame - Black, 58",Components,Road Frames,Black,58,R ,LL Road Frame,Outdate
255,FR-R38B-58,"LL Road Frame - Black, 58",Components,Road Frames,Black,58,R ,LL Road Frame,Current
256,FR-R38B-60,"LL Road Frame - Black, 60",Components,Road Frames,Black,60,R ,LL Road Frame,Outdate
257,FR-R38B-60,"LL Road Frame - Black, 60",Components,Road Frames,Black,60,R ,LL Road Frame,Outdate
258,FR-R38B-60,"LL Road Frame - Black, 60",Components,Road Frames,Black,60,R ,LL Road Frame,Current
259,FR-R38B-62,"LL Road Frame - Black, 62",Components,Road Frames,Black,62,R ,LL Road Frame,Outdate
260,FR-R38B-62,"LL Road Frame - Black, 62",Components,Road Frames,Black,62,R ,LL Road Frame,Outdate
261,FR-R38B-62,"LL Road Frame - Black, 62",Components,Road Frames,Black,62,R ,LL Road Frame,Current
262,FR-R38R-44,"LL Road Frame - Red, 44",Components,Road Frames,Red,44,R ,LL Road Frame,Outdate
263,FR-R38R-44,"LL Road Frame - Red, 44",Components,Road Frames,Red,44,R ,LL Road Frame,Outdate
264,FR-R38R-48,"LL Road Frame - Red, 48",Components,Road Frames,Red,48,R ,LL Road Frame,Outdate
265,FR-R38R-48,"LL Road Frame - Red, 48",Components,Road Frames,Red,48,R ,LL Road Frame,Outdate
266,FR-R38R-52,"LL Road Frame - Red, 52",Components,Road Frames,Red,52,R ,LL Road Frame,Outdate
267,FR-R38R-52,"LL Road Frame - Red, 52",Components,Road Frames,Red,52,R ,LL Road Frame,Outdate
268,FR-R38R-58,"LL Road Frame - Red, 58",Components,Road Frames,Red,58,R ,LL Road Frame,Outdate
269,FR-R38R-58,"LL Road Frame - Red, 58",Components,Road Frames,Red,58,R ,LL Road Frame,Outdate
270,FR-R38R-60,"LL Road Frame - Red, 60",Components,Road Frames,Red,60,R ,LL Road Frame,Outdate
271,FR-R38R-60,"LL Road Frame - Red, 60",Components,Road Frames,Red,60,R ,LL Road Frame,Outdate
272,FR-R38R-62,"LL Road Frame - Red, 62",Components,Road Frames,Red,62,R ,LL Road Frame,Outdate
273,FR-R38R-62,"LL Road Frame - Red, 62",Components,Road Frames,Red,62,R ,LL Road Frame,Outdate
274,FR-R72R-44,"ML Road Frame - Red, 44",Components,Road Frames,Red,44,R ,ML Road Frame,Outdate
275,FR-R72R-48,"ML Road Frame - Red, 48",Components,Road Frames,Red,48,R ,ML Road Frame,Outdate
276,FR-R72R-52,"ML Road Frame - Red, 52",Components,Road Frames,Red,52,R ,ML Road Frame,Outdate
277,FR-R72R-58,"ML Road Frame - Red, 58",Components,Road Frames,Red,58,R ,ML Road Frame,Outdate
278,FR-R72R-60,"ML Road Frame - Red, 60",Components,Road Frames,Red,60,R ,ML Road Frame,Outdate
279,FR-R38B-44,"LL Road Frame - Black, 44",Components,Road Frames,Black,44,R ,LL Road Frame,Outdate
280,FR-R38B-44,"LL Road Frame - Black, 44",Components,Road Frames,Black,44,R ,LL Road Frame,Outdate
281,FR-R38B-44,"LL Road Frame - Black, 44",Components,Road Frames,Black,44,R ,LL Road Frame,Current
282,FR-R38B-48,"LL Road Frame - Black, 48",Components,Road Frames,Black,48,R ,LL Road Frame,Outdate
283,FR-R38B-48,"LL Road Frame - Black, 48",Components,Road Frames,Black,48,R ,LL Road Frame,Outdate
284,FR-R38B-48,"LL Road Frame - Black, 48",Components,Road Frames,Black,48,R ,LL Road Frame,Current
285,FR-R38B-52,"LL Road Frame - Black, 52",Components,Road Frames,Black,52,R ,LL Road Frame,Outdate
286,FR-R38B-52,"LL Road Frame - Black, 52",Components,Road Frames,Black,52,R ,LL Road Frame,Outdate
287,FR-R38B-52,"LL Road Frame - Black, 52",Components,Road Frames,Black,52,R ,LL Road Frame,Current
288,FR-M94S-42,"HL Mountain Frame - Silver, 42",Components,Mountain Frames,Silver,42,M ,HL Mountain Frame,Outdate
289,FR-M94S-42,"HL Mountain Frame - Silver, 42",Components,Mountain Frames,Silver,42,M ,HL Mountain Frame,Outdate
290,FR-M94S-42,"HL Mountain Frame - Silver, 42",Components,Mountain Frames,Silver,42,M ,HL Mountain Frame,Current
291,FR-M94S-44,"HL Mountain Frame - Silver, 44",Components,Mountain Frames,Silver,44,M ,HL Mountain Frame,Outdate
292,FR-M94S-52,"HL Mountain Frame - Silver, 48",Components,Mountain Frames,Silver,48,M ,HL Mountain Frame,Outdate
293,FR-M94S-46,"HL Mountain Frame - Silver, 46",Components,Mountain Frames,Silver,46,M ,HL Mountain Frame,Outdate
294,FR-M94S-46,"HL Mountain Frame - Silver, 46",Components,Mountain Frames,Silver,46,M ,HL Mountain Frame,Outdate
295,FR-M94S-46,"HL Mountain Frame - Silver, 46",Components,Mountain Frames,Silver,46,M ,HL Mountain Frame,Current
296,FR-M94B-42,"HL Mountain Frame - Black, 42",Components,Mountain Frames,Black,42,M ,HL Mountain Frame,Outdate
297,FR-M94B-42,"HL Mountain Frame - Black, 42",Components,Mountain Frames,Black,42,M ,HL Mountain Frame,Outdate
298,FR-M94B-42,"HL Mountain Frame - Black, 42",Components,Mountain Frames,Black,42,M ,HL Mountain Frame,Current
299,FR-M94B-44,"HL Mountain Frame - Black, 44",Components,Mountain Frames,Black,44,M ,HL Mountain Frame,Outdate
300,FR-M94B-48,"HL Mountain Frame - Black, 48",Components,Mountain Frames,Black,48,M ,HL Mountain Frame,Outdate
301,FR-M94B-46,"HL Mountain Frame - Black, 46",Components,Mountain Frames,Black,46,M ,HL Mountain Frame,Outdate
302,FR-M94B-46,"HL Mountain Frame - Black, 46",Components,Mountain Frames,Black,46,M ,HL Mountain Frame,Outdate
303,FR-M94B-46,"HL Mountain Frame - Black, 46",Components,Mountain Frames,Black,46,M ,HL Mountain Frame,Current
304,FR-M94B-38,"HL Mountain Frame - Black, 38",Components,Mountain Frames,Black,38,M ,HL Mountain Frame,Outdate
305,FR-M94B-38,"HL Mountain Frame - Black, 38",Components,Mountain Frames,Black,38,M ,HL Mountain Frame,Outdate
306,FR-M94B-38,"HL Mountain Frame - Black, 38",Components,Mountain Frames,Black,38,M ,HL Mountain Frame,Current
307,FR-M94S-38,"HL Mountain Frame - Silver, 38",Components,Mountain Frames,Silver,38,M ,HL Mountain Frame,Outdate
308,FR-M94S-38,"HL Mountain Frame - Silver, 38",Components,Mountain Frames,Silver,38,M ,HL Mountain Frame,Outdate
309,FR-M94S-38,"HL Mountain Frame - Silver, 38",Components,Mountain Frames,Silver,38,M ,HL Mountain Frame,Current
310,BK-R93R-62,"Road-150 Red, 62",Bikes,Road Bikes,Red,62,R ,Road-150,Outdate
311,BK-R93R-44,"Road-150 Red, 44",Bikes,Road Bikes,Red,44,R ,Road-150,Outdate
312,BK-R93R-48,"Road-150 Red, 48",Bikes,Road Bikes,Red,48,R ,Road-150,Outdate
313,BK-R93R-52,"Road-150 Red, 52",Bikes,Road Bikes,Red,52,R ,Road-150,Outdate
314,BK-R93R-56,"Road-150 Red, 56",Bikes,Road Bikes,Red,56,R ,Road-150,Outdate
315,BK-R68R-58,"Road-450 Red, 58",Bikes,Road Bikes,Red,58,R ,Road-450,Outdate
316,BK-R68R-60,"Road-450 Red, 60",Bikes,Road Bikes,Red,60,R ,Road-450,Outdate
317,BK-R68R-44,"Road-450 Red, 44",Bikes,Road Bikes,Red,44,R ,Road-450,Outdate
318,BK-R68R-48,"Road-450 Red, 48",Bikes,Road Bikes,Red,48,R ,Road-450,Outdate
319,BK-R68R-52,"Road-450 Red, 52",Bikes,Road Bikes,Red,52,R ,Road-450,Outdate
320,BK-R50R-58,"Road-650 Red, 58",Bikes,Road Bikes,Red,58,R ,Road-650,Outdate
321,BK-R50R-58,"Road-650 Red, 58",Bikes,Road Bikes,Red,58,R ,Road-650,Outdate
322,BK-R50R-60,"Road-650 Red, 60",Bikes,Road Bikes,Red,60,R ,Road-650,Outdate
323,BK-R50R-60,"Road-650 Red, 60",Bikes,Road Bikes,Red,60,R ,Road-650,Outdate
324,BK-R50R-62,"Road-650 Red, 62",Bikes,Road Bikes,Red,62,R ,Road-650,Outdate
325,BK-R50R-62,"Road-650 Red, 62",Bikes,Road Bikes,Red,62,R ,Road-650,Outdate
326,BK-R50R-44,"Road-650 Red, 44",Bikes,Road Bikes,Red,44,R ,Road-650,Outdate
327,BK-R50R-44,"Road-650 Red, 44",Bikes,Road Bikes,Red,44,R ,Road-650,Outdate
328,BK-R50R-48,"Road-650 Red, 48",Bikes,Road Bikes,Red,48,R ,Road-650,Outdate
329,BK-R50R-48,"Road-650 Red, 48",Bikes,Road Bikes,Red,48,R ,Road-650,Outdate
330,BK-R50R-52,"Road-650 Red, 52",Bikes,Road Bikes,Red,52,R ,Road-650,Outdate
331,BK-R50R-52,"Road-650 Red, 52",Bikes,Road Bikes,Red,52,R ,Road-650,Outdate
332,BK-R50B-58,"Road-650 Black, 58",Bikes,Road Bikes,Black,58,R ,Road-650,Outdate
333,BK-R50B-58,"Road-650 Black, 58",Bikes,Road Bikes,Black,58,R ,Road-650,Outdate
334,BK-R50B-60,"Road-650 Black, 60",Bikes,Road Bikes,Black,60,R ,Road-650,Outdate
335,BK-R50B-60,"Road-650 Black, 60",Bikes,Road Bikes,Black,60,R ,Road-650,Outdate
336,BK-R50B-62,"Road-650 Black, 62",Bikes,Road Bikes,Black,62,R ,Road-650,Outdate
337,BK-R50B-62,"Road-650 Black, 62",Bikes,Road Bikes,Black,62,R ,Road-650,Outdate
338,BK-R50B-44,"Road-650 Black, 44",Bikes,Road Bikes,Black,44,R ,Road-650,Outdate
339,BK-R50B-44,"Road-650 Black, 44",Bikes,Road Bikes,Black,44,R ,Road-650,Outdate
340,BK-R50B-48,"Road-650 Black, 48",Bikes,Road Bikes,Black,48,R ,Road-650,Outdate
341,BK-R50B-48,"Road-650 Black, 48",Bikes,Road Bikes,Black,48,R ,Road-650,Outdate
342,BK-R50B-52,"Road-650 Black, 52",Bikes,Road Bikes,Black,52,R ,Road-650,Outdate
343,BK-R50B-52,"Road-650 Black, 52",Bikes,Road Bikes,Black,52,R ,Road-650,Outdate
344,BK-M82S-38,"Mountain-100 Silver, 38",Bikes,Mountain Bikes,Silver,38,M ,Mountain-100,Outdate
345,BK-M82S-42,"Mountain-100 Silver, 42",Bikes,Mountain Bikes,Silver,42,M ,Mountain-100,Outdate
346,BK-M82S-44,"Mountain-100 Silver, 44",Bikes,Mountain Bikes,Silver,44,M ,Mountain-100,Outdate
347,BK-M82S-48,"Mountain-100 Silver, 48",Bikes,Mountain Bikes,Silver,48,M ,Mountain-100,Outdate
348,BK-M82B-38,"Mountain-100 Black, 38",Bikes,Mountain Bikes,Black,38,M ,Mountain-100,Outdate
349,BK-M82B-42,"Mountain-100 Black, 42",Bikes,Mountain Bikes,Black,42,M ,Mountain-100,Outdate
350,BK-M82B-44,"Mountain-100 Black, 44",Bikes,Mountain Bikes,Black,44,M ,Mountain-100,Outdate
351,BK-M82B-48,"Mountain-100 Black, 48",Bikes,Mountain Bikes,Black,48,M ,Mountain-100,Outdate
352,BK-M68S-38,"Mountain-200 Silver, 38",Bikes,Mountain Bikes,Silver,38,M ,Mountain-200,Outdate
353,BK-M68S-38,"Mountain-200 Silver, 38",Bikes,Mountain Bikes,Silver,38,M ,Mountain-200,Current
354,BK-M68S-42,"Mountain-200 Silver, 42",Bikes,Mountain Bikes,Silver,42,M ,Mountain-200,Outdate
355,BK-M68S-42,"Mountain-200 Silver, 42",Bikes,Mountain Bikes,Silver,42,M ,Mountain-200,Current
356,BK-M68S-46,"Mountain-200 Silver, 46",Bikes,Mountain Bikes,Silver,46,M ,Mountain-200,Outdate
357,BK-M68S-46,"Mountain-200 Silver, 46",Bikes,Mountain Bikes,Silver,46,M ,Mountain-200,Current
358,BK-M68B-38,"Mountain-200 Black, 38",Bikes,Mountain Bikes,Black,38,M ,Mountain-200,Outdate
359,BK-M68B-38,"Mountain-200 Black, 38",Bikes,Mountain Bikes,Black,38,M ,Mountain-200,Current
360,BK-M68B-42,"Mountain-200 Black, 42",Bikes,Mountain Bikes,Black,42,M ,Mountain-200,Outdate
361,BK-M68B-42,"Mountain-200 Black, 42",Bikes,Mountain Bikes,Black,42,M ,Mountain-200,Current
362,BK-M68B-46,"Mountain-200 Black, 46",Bikes,Mountain Bikes,Black,46,M ,Mountain-200,Outdate
363,BK-M68B-46,"Mountain-200 Black, 46",Bikes,Mountain Bikes,Black,46,M ,Mountain-200,Current
364,BK-M47B-38,"Mountain-300 Black, 38",Bikes,Mountain Bikes,Black,38,M ,Mountain-300,Outdate
365,BK-M47B-40,"Mountain-300 Black, 40",Bikes,Mountain Bikes,Black,40,M ,Mountain-300,Outdate
366,BK-M47B-44,"Mountain-300 Black, 44",Bikes,Mountain Bikes,Black,44,M ,Mountain-300,Outdate
367,BK-M47B-48,"Mountain-300 Black, 48",Bikes,Mountain Bikes,Black,48,M ,Mountain-300,Outdate
368,BK-R89R-44,"Road-250 Red, 44",Bikes,Road Bikes,Red,44,R ,Road-250,Outdate
369,BK-R89R-48,"Road-250 Red, 48",Bikes,Road Bikes,Red,48,R ,Road-250,Outdate
370,BK-R89R-52,"Road-250 Red, 52",Bikes,Road Bikes,Red,52,R ,Road-250,Outdate
371,BK-R89R-58,"Road-250 Red, 58",Bikes,Road Bikes,Red,58,R ,Road-250,Outdate
372,BK-R89R-58,"Road-250 Red, 58",Bikes,Road Bikes,Red,58,R ,Road-250,Current
373,BK-R89B-44,"Road-250 Black, 44",Bikes,Road Bikes,Black,44,R ,Road-250,Outdate
374,BK-R89B-44,"Road-250 Black, 44",Bikes,Road Bikes,Black,44,R ,Road-250,Current
375,BK-R89B-48,"Road-250 Black, 48",Bikes,Road Bikes,Black,48,R ,Road-250,Outdate
376,BK-R89B-48,"Road-250 Black, 48",Bikes,Road Bikes,Black,48,R ,Road-250,Current
377,BK-R89B-52,"Road-250 Black, 52",Bikes,Road Bikes,Black,52,R ,Road-250,Outdate
378,BK-R89B-52,"Road-250 Black, 52",Bikes,Road Bikes,Black,52,R ,Road-250,Current
379,BK-R89B-58,"Road-250 Black, 58",Bikes,Road Bikes,Black,58,R ,Road-250,Outdate
380,BK-R89B-58,"Road-250 Black, 58",Bikes,Road Bikes,Black,58,R ,Road-250,Current
381,BK-R64Y-38,"Road-550-W Yellow, 38",Bikes,Road Bikes,Yellow,38,R ,Road-550-W,Outdate
382,BK-R64Y-38,"Road-550-W Yellow, 38",Bikes,Road Bikes,Yellow,38,R ,Road-550-W,Current
383,BK-R64Y-40,"Road-550-W Yellow, 40",Bikes,Road Bikes,Yellow,40,R ,Road-550-W,Outdate
384,BK-R64Y-40,"Road-550-W Yellow, 40",Bikes,Road Bikes,Yellow,40,R ,Road-550-W,Current
385,BK-R64Y-42,"Road-550-W Yellow, 42",Bikes,Road Bikes,Yellow,42,R ,Road-550-W,Outdate
386,BK-R64Y-42,"Road-550-W Yellow, 42",Bikes,Road Bikes,Yellow,42,R ,Road-550-W,Current
387,BK-R64Y-44,"Road-550-W Yellow, 44",Bikes,Road Bikes,Yellow,44,R ,Road-550-W,Outdate
388,BK-R64Y-44,"Road-550-W Yellow, 44",Bikes,Road Bikes,Yellow,44,R ,Road-550-W,Current
389,BK-R64Y-48,"Road-550-W Yellow, 48",Bikes,Road Bikes,Yellow,48,R ,Road-550-W,Outdate
390,BK-R64Y-48,"Road-550-W Yellow, 48",Bikes,Road Bikes,Yellow,48,R ,Road-550-W,Current
391,FK-1639,LL Fork,Components,Forks,NA,NULL,NULL,LL Fork,Outdate
392,FK-5136,ML Fork,Components,Forks,NA,NULL,NULL,ML Fork,Outdate
393,FK-9939,HL Fork,Components,Forks,NA,NULL,NULL,HL Fork,Outdate
394,HS-0296,LL Headset,Components,Headsets,NA,NULL,NULL,LL Headset,Outdate
395,HS-2451,ML Headset,Components,Headsets,NA,NULL,NULL,ML Headset,Outdate
396,HS-3479,HL Headset,Components,Headsets,NA,NULL,NULL,HL Headset,Outdate
397,HB-M243,LL Mountain Handlebars,Components,Handlebars,NA,NULL,M ,LL Mountain Handlebars,Outdate
398,HB-M243,LL Mountain Handlebars,Components,Handlebars,NA,NULL,M ,LL Mountain Handlebars,Current
399,HB-M763,ML Mountain Handlebars,Components,Handlebars,NA,NULL,M ,ML Mountain Handlebars,Outdate
400,HB-M763,ML Mountain Handlebars,Components,Handlebars,NA,NULL,M ,ML Mountain Handlebars,Current
401,HB-M918,HL Mountain Handlebars,Components,Handlebars,NA,NULL,M ,HL Mountain Handlebars,Outdate
402,HB-M918,HL Mountain Handlebars,Components,Handlebars,NA,NULL,M ,HL Mountain Handlebars,Current
403,HB-R504,LL Road Handlebars,Components,Handlebars,NA,NULL,R ,LL Road Handlebars,Outdate
404,HB-R504,LL Road Handlebars,Components,Handlebars,NA,NULL,R ,LL Road Handlebars,Current
405,HB-R720,ML Road Handlebars,Components,Handlebars,NA,NULL,R ,ML Road Handlebars,Outdate
406,HB-R720,ML Road Handlebars,Components,Handlebars,NA,NULL,R ,ML Road Handlebars,Current
407,HB-R956,HL Road Handlebars,Components,Handlebars,NA,NULL,R ,HL Road Handlebars,Outdate
408,HB-R956,HL Road Handlebars,Components,Handlebars,NA,NULL,R ,HL Road Handlebars,Current
409,FR-M63B-38,"ML Mountain Frame - Black, 38",Components,Mountain Frames,Black,38,M ,ML Mountain Frame-W,Outdate
410,FW-M423,LL Mountain Front Wheel,Components,Wheels,Black,NULL,M ,LL Mountain Front Wheel,Outdate
411,FW-M762,ML Mountain Front Wheel,Components,Wheels,Black,NULL,M ,ML Mountain Front Wheel,Outdate
412,FW-M928,HL Mountain Front Wheel,Components,Wheels,Black,NULL,M ,HL Mountain Front Wheel,Outdate
413,FW-R623,LL Road Front Wheel,Components,Wheels,Black,NULL,R ,LL Road Front Wheel,Outdate
414,FW-R762,ML Road Front Wheel,Components,Wheels,Black,NULL,R ,ML Road Front Wheel,Outdate
415,FW-R820,HL Road Front Wheel,Components,Wheels,Black,NULL,R ,HL Road Front Wheel,Outdate
416,FW-T905,Touring Front Wheel,Components,Wheels,Black,NULL,T ,Touring Front Wheel,Outdate
417,FR-R72Y-38,"ML Road Frame-W - Yellow, 38",Components,Road Frames,Yellow,38,R ,ML Road Frame-W,Outdate
418,FR-R72Y-38,"ML Road Frame-W - Yellow, 38",Components,Road Frames,Yellow,38,R ,ML Road Frame-W,Current
419,RW-M423,LL Mountain Rear Wheel,Components,Wheels,Black,NULL,M ,LL Mountain Rear Wheel,Outdate
420,RW-M762,ML Mountain Rear Wheel,Components,Wheels,Black,NULL,M ,ML Mountain Rear Wheel,Outdate
421,RW-M928,HL Mountain Rear Wheel,Components,Wheels,Black,NULL,M ,HL Mountain Rear Wheel,Outdate
422,RW-R623,LL Road Rear Wheel,Components,Wheels,Black,NULL,R ,LL Road Rear Wheel,Outdate
423,RW-R762,ML Road Rear Wheel,Components,Wheels,Black,NULL,R ,ML Road Rear Wheel,Outdate
424,RW-R820,HL Road Rear Wheel,Components,Wheels,Black,NULL,R ,HL Road Rear Wheel,Outdate
425,RW-T905,Touring Rear Wheel,Components,Wheels,Black,NULL,T ,Touring Rear Wheel,Outdate
426,FR-M63B-40,"ML Mountain Frame - Black, 40",Components,Mountain Frames,Black,40,M ,ML Mountain Frame,Outdate
427,FR-M63B-44,"ML Mountain Frame - Black, 44",Components,Mountain Frames,Black,44,M ,ML Mountain Frame,Outdate
428,FR-M63B-48,"ML Mountain Frame - Black, 48",Components,Mountain Frames,Black,48,M ,ML Mountain Frame,Outdate
429,FR-R72Y-40,"ML Road Frame-W - Yellow, 40",Components,Road Frames,Yellow,40,R ,ML Road Frame-W,Outdate
430,FR-R72Y-40,"ML Road Frame-W - Yellow, 40",Components,Road Frames,Yellow,40,R ,ML Road Frame-W,Current
431,FR-R72Y-42,"ML Road Frame-W - Yellow, 42",Components,Road Frames,Yellow,42,R ,ML Road Frame-W,Outdate
432,FR-R72Y-42,"ML Road Frame-W - Yellow, 42",Components,Road Frames,Yellow,42,R ,ML Road Frame-W,Current
433,FR-R72Y-44,"ML Road Frame-W - Yellow, 44",Components,Road Frames,Yellow,44,R ,ML Road Frame-W,Outdate
434,FR-R72Y-44,"ML Road Frame-W - Yellow, 44",Components,Road Frames,Yellow,44,R ,ML Road Frame-W,Current
435,FR-R72Y-48,"ML Road Frame-W - Yellow, 48",Components,Road Frames,Yellow,48,R ,ML Road Frame-W,Outdate
436,FR-R72Y-48,"ML Road Frame-W - Yellow, 48",Components,Road Frames,Yellow,48,R ,ML Road Frame-W,Current
437,FR-R92B-62,"HL Road Frame - Black, 62",Components,Road Frames,Black,62,R ,HL Road Frame,Outdate
438,FR-R92B-62,"HL Road Frame - Black, 62",Components,Road Frames,Black,62,R ,HL Road Frame,Current
439,FR-R92B-44,"HL Road Frame - Black, 44",Components,Road Frames,Black,44,R ,HL Road Frame,Outdate
440,FR-R92B-44,"HL Road Frame - Black, 44",Components,Road Frames,Black,44,R ,HL Road Frame,Current
441,FR-R92B-48,"HL Road Frame - Black, 48",Components,Road Frames,Black,48,R ,HL Road Frame,Outdate
442,FR-R92B-48,"HL Road Frame - Black, 48",Components,Road Frames,Black,48,R ,HL Road Frame,Current
443,FR-R92B-52,"HL Road Frame - Black, 52",Components,Road Frames,Black,52,R ,HL Road Frame,Outdate
444,FR-R92B-52,"HL Road Frame - Black, 52",Components,Road Frames,Black,52,R ,HL Road Frame,Current
445,SH-M897-S,"Men's Sports Shorts, S",Clothing,Shorts,Black,S,S ,Men's Sports Shorts,Outdate
446,PA-T100,"Touring-Panniers, Large",Accessories,Panniers,Grey,NULL,T ,Touring-Panniers,Outdate
447,LO-C100,Cable Lock,Accessories,Locks,NA,NULL,S ,Cable Lock,Outdate
448,PU-0452,Minipump,Accessories,Pumps,NA,NULL,S ,Minipump,Outdate
449,PU-M044,Mountain Pump,Accessories,Pumps,NA,NULL,M ,Mountain Pump,Outdate
450,LT-T990,Taillights - Battery-Powered,Accessories,Lights,NA,NULL,R ,Taillight,Outdate
451,LT-H902,Headlights - Dual-Beam,Accessories,Lights,NA,NULL,R ,Headlights - Dual-Beam,Outdate
452,LT-H903,Headlights - Weatherproof,Accessories,Lights,NA,NULL,R ,Headlights - Weatherproof,Outdate
453,SH-M897-M,"Men's Sports Shorts, M",Clothing,Shorts,Black,M,S ,Men's Sports Shorts,Outdate
454,SH-M897-L,"Men's Sports Shorts, L",Clothing,Shorts,Black,L,S ,Men's Sports Shorts,Outdate
455,SH-M897-X,"Men's Sports Shorts, XL",Clothing,Shorts,Black,XL,S ,Men's Sports Shorts,Outdate
456,TG-W091-S,"Women's Tights, S",Clothing,Tights,Black,S,S ,Women's Tights,Outdate
457,TG-W091-M,"Women's Tights, M",Clothing,Tights,Black,M,S ,Women's Tights,Outdate
458,TG-W091-L,"Women's Tights, L",Clothing,Tights,Black,L,S ,Women's Tights,Outdate
459,SB-M891-S,"Men's Bib-Shorts, S",Clothing,Bib-Shorts,Multi,S,S ,Men's Bib-Shorts,Outdate
460,SB-M891-M,"Men's Bib-Shorts, M",Clothing,Bib-Shorts,Multi,M,S ,Men's Bib-Shorts,Outdate
461,SB-M891-L,"Men's Bib-Shorts, L",Clothing,Bib-Shorts,Multi,L,S ,Men's Bib-Shorts,Outdate
462,GL-H102-S,"Half-Finger Gloves, S",Clothing,Gloves,Black,S,S ,Half-Finger Gloves,Outdate
463,GL-H102-S,"Half-Finger Gloves, S",Clothing,Gloves,Black,S,S ,Half-Finger Gloves,Current
464,GL-H102-M,"Half-Finger Gloves, M",Clothing,Gloves,Black,M,S ,Half-Finger Gloves,Outdate
465,GL-H102-M,"Half-Finger Gloves, M",Clothing,Gloves,Black,M,S ,Half-Finger Gloves,Current
466,GL-H102-L,"Half-Finger Gloves, L",Clothing,Gloves,Black,L,S ,Half-Finger Gloves,Outdate
467,GL-H102-L,"Half-Finger Gloves, L",Clothing,Gloves,Black,L,S ,Half-Finger Gloves,Current
468,GL-F110-S,"Full-Finger Gloves, S",Clothing,Gloves,Black,S,M ,Full-Finger Gloves,Outdate
469,GL-F110-M,"Full-Finger Gloves, M",Clothing,Gloves,Black,M,M ,Full-Finger Gloves,Outdate
470,GL-F110-L,"Full-Finger Gloves, L",Clothing,Gloves,Black,L,M ,Full-Finger Gloves,Outdate
471,VE-C304-S,"Classic Vest, S",Clothing,Vests,Blue,S,S ,Classic Vest,Current
472,VE-C304-M,"Classic Vest, M",Clothing,Vests,Blue,M,S ,Classic Vest,Current
473,VE-C304-L,"Classic Vest, L",Clothing,Vests,Blue,L,S ,Classic Vest,Current
474,SH-W890-S,"Women's Mountain Shorts, S",Clothing,Shorts,Black,S,M ,Women's Mountain Shorts,Current
475,SH-W890-M,"Women's Mountain Shorts, M",Clothing,Shorts,Black,M,M ,Women's Mountain Shorts,Current
476,SH-W890-L,"Women's Mountain Shorts, L",Clothing,Shorts,Black,L,M ,Women's Mountain Shorts,Current
477,WB-H098,Water Bottle - 30 oz.,Accessories,Bottles and Cages,NA,NULL,S ,Water Bottle,Current
478,BC-M005,Mountain Bottle Cage,Accessories,Bottles and Cages,NA,NULL,M ,Mountain Bottle Cage,Current
479,BC-R205,Road Bottle Cage,Accessories,Bottles and Cages,NA,NULL,R ,Road Bottle Cage,Current
480,PK-7098,Patch Kit/8 Patches,Accessories,Tires and Tubes,NA,NULL,S ,Patch kit,Current
481,SO-R809-M,"Racing Socks, M",Clothing,Socks,White,M,R ,Racing Socks,Current
482,SO-R809-L,"Racing Socks, L",Clothing,Socks,White,L,R ,Racing Socks,Current
483,RA-H123,Hitch Rack - 4-Bike,Accessories,Bike Racks,NA,NULL,S ,Hitch Rack - 4-Bike,Current
484,CL-9009,Bike Wash - Dissolver,Accessories,Cleaners,NA,NULL,S ,Bike Wash,Current
485,FE-6654,Fender Set - Mountain,Accessories,Fenders,NA,NULL,M ,Fender Set - Mountain,Current
486,ST-1401,All-Purpose Bike Stand,Accessories,Bike Stands,NA,NULL,M ,All-Purpose Bike Stand,Current
487,HY-1023-70,Hydration Pack - 70 oz.,Accessories,Hydration Packs,Silver,70,S ,Hydration Pack,Current
488,SJ-0194-S,"Short-Sleeve Classic Jersey, S",Clothing,Jerseys,Yellow,S,S ,Short-Sleeve Classic Jersey,Current
489,SJ-0194-M,"Short-Sleeve Classic Jersey, M",Clothing,Jerseys,Yellow,M,S ,Short-Sleeve Classic Jersey,Current
490,SJ-0194-L,"Short-Sleeve Classic Jersey, L",Clothing,Jerseys,Yellow,L,S ,Short-Sleeve Classic Jersey,Current
491,SJ-0194-X,"Short-Sleeve Classic Jersey, XL",Clothing,Jerseys,Yellow,XL,S ,Short-Sleeve Classic Jersey,Current
492,FR-T98Y-60,"HL Touring Frame - Yellow, 60",Components,Touring Frames,Yellow,60,T ,HL Touring Frame,Current
493,FR-T67Y-62,"LL Touring Frame - Yellow, 62",Components,Touring Frames,Yellow,62,T ,LL Touring Frame,Current
494,FR-T98Y-46,"HL Touring Frame - Yellow, 46",Components,Touring Frames,Yellow,46,T ,HL Touring Frame,Current
495,FR-T98Y-50,"HL Touring Frame - Yellow, 50",Components,Touring Frames,Yellow,50,T ,HL Touring Frame,Current
496,FR-T98Y-54,"HL Touring Frame - Yellow, 54",Components,Touring Frames,Yellow,54,T ,HL Touring Frame,Current
497,FR-T98U-46,"HL Touring Frame - Blue, 46",Components,Touring Frames,Blue,46,T ,HL Touring Frame,Current
498,FR-T98U-50,"HL Touring Frame - Blue, 50",Components,Touring Frames,Blue,50,T ,HL Touring Frame,Current
499,FR-T98U-54,"HL Touring Frame - Blue, 54",Components,Touring Frames,Blue,54,T ,HL Touring Frame,Current
500,FR-T98U-60,"HL Touring Frame - Blue, 60",Components,Touring Frames,Blue,60,T ,HL Touring Frame,Current
501,RD-2308,Rear Derailleur,Components,Derailleurs,Silver,NULL,NULL,Rear Derailleur,Current
502,FR-T67U-50,"LL Touring Frame - Blue, 50",Components,Touring Frames,Blue,50,T ,LL Touring Frame,Current
503,FR-T67U-54,"LL Touring Frame - Blue, 54",Components,Touring Frames,Blue,54,T ,LL Touring Frame,Current
504,FR-T67U-58,"LL Touring Frame - Blue, 58",Components,Touring Frames,Blue,58,T ,LL Touring Frame,Current
505,FR-T67U-62,"LL Touring Frame - Blue, 62",Components,Touring Frames,Blue,62,T ,LL Touring Frame,Current
506,FR-T67Y-44,"LL Touring Frame - Yellow, 44",Components,Touring Frames,Yellow,44,T ,LL Touring Frame,Current
507,FR-T67Y-50,"LL Touring Frame - Yellow, 50",Components,Touring Frames,Yellow,50,T ,LL Touring Frame,Current
508,FR-T67Y-54,"LL Touring Frame - Yellow, 54",Components,Touring Frames,Yellow,54,T ,LL Touring Frame,Current
509,FR-T67Y-58,"LL Touring Frame - Yellow, 58",Components,Touring Frames,Yellow,58,T ,LL Touring Frame,Current
510,FR-T67U-44,"LL Touring Frame - Blue, 44",Components,Touring Frames,Blue,44,T ,LL Touring Frame,Current
511,FR-M63S-40,"ML Mountain Frame-W - Silver, 40",Components,Mountain Frames,Silver,40,M ,ML Mountain Frame-W,Current
512,FR-M63S-42,"ML Mountain Frame-W - Silver, 42",Components,Mountain Frames,Silver,42,M ,ML Mountain Frame-W,Current
513,FR-M63S-46,"ML Mountain Frame-W - Silver, 46",Components,Mountain Frames,Silver,46,M ,ML Mountain Frame-W,Current
514,RB-9231,Rear Brakes,Components,Brakes,Silver,NULL,NULL,Rear Brakes,Current
515,SE-M236,LL Mountain Seat/Saddle,Components,Saddles,NA,NULL,M ,LL Mountain Seat/Saddle 2,Current
516,SE-M798,ML Mountain Seat/Saddle,Components,Saddles,NA,NULL,M ,ML Mountain Seat/Saddle 2,Current
517,SE-M940,HL Mountain Seat/Saddle,Components,Saddles,NA,NULL,M ,HL Mountain Seat/Saddle 2,Current
518,SE-R581,LL Road Seat/Saddle,Components,Saddles,NA,NULL,R ,LL Road Seat/Saddle 1,Current
519,SE-R908,ML Road Seat/Saddle,Components,Saddles,NA,NULL,T ,ML Road Seat/Saddle 2,Current
520,SE-R995,HL Road Seat/Saddle,Components,Saddles,NA,NULL,R ,HL Road Seat/Saddle 2,Current
521,SE-T312,LL Touring Seat/Saddle,Components,Saddles,NA,NULL,T ,LL Touring Seat/Saddle,Current
522,SE-T762,ML Touring Seat/Saddle,Components,Saddles,NA,NULL,T ,ML Touring Seat/Saddle,Current
523,SE-T924,HL Touring Seat/Saddle,Components,Saddles,NA,NULL,T ,HL Touring Seat/Saddle,Current
524,FR-M21S-42,"LL Mountain Frame - Silver, 42",Components,Mountain Frames,Silver,42,M ,LL Mountain Frame,Current
525,FR-M21S-44,"LL Mountain Frame - Silver, 44",Components,Mountain Frames,Silver,44,M ,LL Mountain Frame,Current
526,FR-M21S-48,"LL Mountain Frame - Silver, 48",Components,Mountain Frames,Silver,48,M ,LL Mountain Frame,Current
527,FR-M21S-52,"LL Mountain Frame - Silver, 52",Components,Mountain Frames,Silver,52,M ,LL Mountain Frame,Current
528,TT-M928,Mountain Tire Tube,Accessories,Tires and Tubes,NA,NULL,M ,Mountain Tire Tube,Current
529,TT-R982,Road Tire Tube,Accessories,Tires and Tubes,NA,NULL,R ,Road Tire Tube,Current
530,TT-T092,Touring Tire Tube,Accessories,Tires and Tubes,NA,NULL,T ,Touring Tire Tube,Current
531,FR-M21B-42,"LL Mountain Frame - Black, 42",Components,Mountain Frames,Black,42,M ,LL Mountain Frame,Current
532,FR-M21B-44,"LL Mountain Frame - Black, 44",Components,Mountain Frames,Black,44,M ,LL Mountain Frame,Current
533,FR-M21B-48,"LL Mountain Frame - Black, 48",Components,Mountain Frames,Black,48,M ,LL Mountain Frame,Current
534,FR-M21B-52,"LL Mountain Frame - Black, 52",Components,Mountain Frames,Black,52,M ,LL Mountain Frame,Current
535,TI-M267,LL Mountain Tire,Accessories,Tires and Tubes,NA,NULL,M ,LL Mountain Tire,Current
536,TI-M602,ML Mountain Tire,Accessories,Tires and Tubes,NA,NULL,M ,ML Mountain Tire,Current
537,TI-M823,HL Mountain Tire,Accessories,Tires and Tubes,NA,NULL,M ,HL Mountain Tire,Current
538,TI-R092,LL Road Tire,Accessories,Tires and Tubes,NA,NULL,R ,LL Road Tire,Current
539,TI-R628,ML Road Tire,Accessories,Tires and Tubes,NA,NULL,R ,ML Road Tire,Current
540,TI-R982,HL Road Tire,Accessories,Tires and Tubes,NA,NULL,R ,HL Road Tire,Current
541,TI-T723,Touring Tire,Accessories,Tires and Tubes,NA,NULL,T ,Touring Tire,Current
542,PD-M282,LL Mountain Pedal,Components,Pedals,Silver/Black,NULL,M ,LL Mountain Pedal,Current
543,PD-M340,ML Mountain Pedal,Components,Pedals,Silver/Black,NULL,M ,ML Mountain Pedal,Current
544,PD-M562,HL Mountain Pedal,Components,Pedals,Silver/Black,NULL,M ,HL Mountain Pedal,Current
545,PD-R347,LL Road Pedal,Components,Pedals,Silver/Black,NULL,R ,LL Road Pedal,Current
546,PD-R563,ML Road Pedal,Components,Pedals,Silver/Black,NULL,R ,ML Road Pedal,Current
547,PD-R853,HL Road Pedal,Components,Pedals,Silver/Black,NULL,R ,HL Road Pedal,Current
548,PD-T852,Touring Pedal,Components,Pedals,Silver/Black,NULL,T ,Touring Pedal,Current
549,FR-M63S-38,"ML Mountain Frame-W - Silver, 38",Components,Mountain Frames,Silver,38,M ,ML Mountain Frame-W,Current
550,FR-M21B-40,"LL Mountain Frame - Black, 40",Components,Mountain Frames,Black,40,M ,LL Mountain Frame,Current
551,FR-M21S-40,"LL Mountain Frame - Silver, 40",Components,Mountain Frames,Silver,40,M ,LL Mountain Frame,Current
552,FD-2342,Front Derailleur,Components,Derailleurs,Silver,NULL,NULL,Front Derailleur,Current
553,HB-T721,LL Touring Handlebars,Components,Handlebars,NA,NULL,T ,LL Touring Handlebars,Current
554,HB-T928,HL Touring Handlebars,Components,Handlebars,NA,NULL,T ,HL Touring Handlebars,Current
555,FB-9873,Front Brakes,Components,Brakes,Silver,NULL,NULL,Front Brakes,Current
556,CS-4759,LL Crankset,Components,Cranksets,Black,NULL,NULL,LL Crankset,Current
557,CS-6583,ML Crankset,Components,Cranksets,Black,NULL,NULL,ML Crankset,Current
558,CS-9183,HL Crankset,Components,Cranksets,Black,NULL,NULL,HL Crankset,Current
559,CH-0234,Chain,Components,Chains,Silver,NULL,NULL,Chain,Current
560,BK-T44U-60,"Touring-2000 Blue, 60",Bikes,Touring Bikes,Blue,60,T ,Touring-2000,Current
561,BK-T79Y-46,"Touring-1000 Yellow, 46",Bikes,Touring Bikes,Yellow,46,T ,Touring-1000,Current
562,BK-T79Y-50,"Touring-1000 Yellow, 50",Bikes,Touring Bikes,Yellow,50,T ,Touring-1000,Current
563,BK-T79Y-54,"Touring-1000 Yellow, 54",Bikes,Touring Bikes,Yellow,54,T ,Touring-1000,Current
564,BK-T79Y-60,"Touring-1000 Yellow, 60",Bikes,Touring Bikes,Yellow,60,T ,Touring-1000,Current
565,BK-T18U-54,"Touring-3000 Blue, 54",Bikes,Touring Bikes,Blue,54,T ,Touring-3000,Current
566,BK-T18U-58,"Touring-3000 Blue, 58",Bikes,Touring Bikes,Blue,58,T ,Touring-3000,Current
567,BK-T18U-62,"Touring-3000 Blue, 62",Bikes,Touring Bikes,Blue,62,T ,Touring-3000,Current
568,BK-T18Y-44,"Touring-3000 Yellow, 44",Bikes,Touring Bikes,Yellow,44,T ,Touring-3000,Current
569,BK-T18Y-50,"Touring-3000 Yellow, 50",Bikes,Touring Bikes,Yellow,50,T ,Touring-3000,Current
570,BK-T18Y-54,"Touring-3000 Yellow, 54",Bikes,Touring Bikes,Yellow,54,T ,Touring-3000,Current
571,BK-T18Y-58,"Touring-3000 Yellow, 58",Bikes,Touring Bikes,Yellow,58,T ,Touring-3000,Current
572,BK-T18Y-62,"Touring-3000 Yellow, 62",Bikes,Touring Bikes,Yellow,62,T ,Touring-3000,Current
573,BK-T79U-46,"Touring-1000 Blue, 46",Bikes,Touring Bikes,Blue,46,T ,Touring-1000,Current
574,BK-T79U-50,"Touring-1000 Blue, 50",Bikes,Touring Bikes,Blue,50,T ,Touring-1000,Current
575,BK-T79U-54,"Touring-1000 Blue, 54",Bikes,Touring Bikes,Blue,54,T ,Touring-1000,Current
576,BK-T79U-60,"Touring-1000 Blue, 60",Bikes,Touring Bikes,Blue,60,T ,Touring-1000,Current
577,BK-T44U-46,"Touring-2000 Blue, 46",Bikes,Touring Bikes,Blue,46,T ,Touring-2000,Current
578,BK-T44U-50,"Touring-2000 Blue, 50",Bikes,Touring Bikes,Blue,50,T ,Touring-2000,Current
579,BK-T44U-54,"Touring-2000 Blue, 54",Bikes,Touring Bikes,Blue,54,T ,Touring-2000,Current
580,BK-R79Y-40,"Road-350-W Yellow, 40",Bikes,Road Bikes,Yellow,40,R ,Road-350-W,Current
581,BK-R79Y-42,"Road-350-W Yellow, 42",Bikes,Road Bikes,Yellow,42,R ,Road-350-W,Current
582,BK-R79Y-44,"Road-350-W Yellow, 44",Bikes,Road Bikes,Yellow,44,R ,Road-350-W,Current
583,BK-R79Y-48,"Road-350-W Yellow, 48",Bikes,Road Bikes,Yellow,48,R ,Road-350-W,Current
584,BK-R19B-58,"Road-750 Black, 58",Bikes,Road Bikes,Black,58,R ,Road-750,Current
585,BK-T18U-44,"Touring-3000 Blue, 44",Bikes,Touring Bikes,Blue,44,T ,Touring-3000,Current
586,BK-T18U-50,"Touring-3000 Blue, 50",Bikes,Touring Bikes,Blue,50,T ,Touring-3000,Current
587,BK-M38S-38,"Mountain-400-W Silver, 38",Bikes,Mountain Bikes,Silver,38,M ,Mountain-400-W,Current
588,BK-M38S-40,"Mountain-400-W Silver, 40",Bikes,Mountain Bikes,Silver,40,M ,Mountain-400-W,Current
589,BK-M38S-42,"Mountain-400-W Silver, 42",Bikes,Mountain Bikes,Silver,42,M ,Mountain-400-W,Current
590,BK-M38S-46,"Mountain-400-W Silver, 46",Bikes,Mountain Bikes,Silver,46,M ,Mountain-400-W,Current
591,BK-M18S-40,"Mountain-500 Silver, 40",Bikes,Mountain Bikes,Silver,40,M ,Mountain-500,Current
592,BK-M18S-42,"Mountain-500 Silver, 42",Bikes,Mountain Bikes,Silver,42,M ,Mountain-500,Current
593,BK-M18S-44,"Mountain-500 Silver, 44",Bikes,Mountain Bikes,Silver,44,M ,Mountain-500,Current
594,BK-M18S-48,"Mountain-500 Silver, 48",Bikes,Mountain Bikes,Silver,48,M ,Mountain-500,Current
595,BK-M18S-52,"Mountain-500 Silver, 52",Bikes,Mountain Bikes,Silver,52,M ,Mountain-500,Current
596,BK-M18B-40,"Mountain-500 Black, 40",Bikes,Mountain Bikes,Black,40,M ,Mountain-500,Current
597,BK-M18B-42,"Mountain-500 Black, 42",Bikes,Mountain Bikes,Black,42,M ,Mountain-500,Current
598,BK-M18B-44,"Mountain-500 Black, 44",Bikes,Mountain Bikes,Black,44,M ,Mountain-500,Current
599,BK-M18B-48,"Mountain-500 Black, 48",Bikes,Mountain Bikes,Black,48,M ,Mountain-500,Current
600,BK-M18B-52,"Mountain-500 Black, 52",Bikes,Mountain Bikes,Black,52,M ,Mountain-500,Current
601,BB-7421,LL Bottom Bracket,Components,Bottom Brackets,NA,NULL,NULL,LL Bottom Bracket,Current
602,BB-8107,ML Bottom Bracket,Components,Bottom Brackets,NA,NULL,NULL,ML Bottom Bracket,Current
603,BB-9108,HL Bottom Bracket,Components,Bottom Brackets,NA,NULL,NULL,HL Bottom Bracket,Current
604,BK-R19B-44,"Road-750 Black, 44",Bikes,Road Bikes,Black,44,R ,Road-750,Current
605,BK-R19B-48,"Road-750 Black, 48",Bikes,Road Bikes,Black,48,R ,Road-750,Current
606,BK-R19B-52,"Road-750 Black, 52",Bikes,Road Bikes,Black,52,R ,Road-750,Current
